<?xml version="1.0"?>
<!--<!DOCTYPE metadata SYSTEM "http://www.esri.com/metadata/esriprof80.dtd">-->
<metadata xml:lang="en"><Esri><CreaDate>20070402</CreaDate><CreaTime>16360300</CreaTime><SyncOnce>FALSE</SyncOnce><DataProperties><lineage><Process Name="DefineProjection_4" ToolSource="C:\Program Files\ArcGIS\ArcToolbox\Toolboxes\Data Management Tools.tbx\DefineProjection" Date="20070316" Time="120118">DefineProjection D:\SacramentoRiver\XS_Arc_CAD_RAS\sacfinalBOSS18.dwg PROJCS['NAD_1983_StatePlane_California_I_FIPS_0401_Feet',GEOGCS['GCS_North_American_1983',DATUM['D_North_American_1983',SPHEROID['GRS_1980',6378137.0,298.257222101]],PRIMEM['Greenwich',0.0],UNIT['Degree',0.0174532925199433]],PROJECTION['Lambert_Conformal_Conic'],PARAMETER['False_Easting',6561666.666666666],PARAMETER['False_Northing',1640416.666666667],PARAMETER['Central_Meridian',-122.0],PARAMETER['Standard_Parallel_1',40.0],PARAMETER['Standard_Parallel_2',41.66666666666666],PARAMETER['Latitude_Of_Origin',39.33333333333334],UNIT['Foot_US',0.3048006096012192]] D:\SacramentoRiver\XS_Arc_CAD_RAS\sacfinalBOSS18.dwg</Process><Process Name="Project (2)" ToolSource="C:\Program Files\ArcGIS\ArcToolbox\Toolboxes\Data Management Tools.tbx\Project" Date="20070316" Time="142648">Project D:\SacramentoRiver\XS_Arc_CAD_RAS\sacfinalBOSS18.dwg\Polyline D:\SacramentoRiver\XS_Arc_CAD_RAS\Polyline_UTM10N.shp PROJCS['NAD_1983_UTM_Zone_10N',GEOGCS['GCS_North_American_1983',DATUM['D_North_American_1983',SPHEROID['GRS_1980',6378137.0,298.257222101]],PRIMEM['Greenwich',0.0],UNIT['Degree',0.0174532925199433]],PROJECTION['Transverse_Mercator'],PARAMETER['False_Easting',500000.0],PARAMETER['False_Northing',0.0],PARAMETER['Central_Meridian',-123.0],PARAMETER['Scale_Factor',0.9996],PARAMETER['Latitude_Of_Origin',0.0],UNIT['Meter',1.0]] # PROJCS['NAD_1983_StatePlane_California_I_FIPS_0401_Feet',GEOGCS['GCS_North_American_1983',DATUM['D_North_American_1983',SPHEROID['GRS_1980',6378137.0,298.257222101]],PRIMEM['Greenwich',0.0],UNIT['Degree',0.0174532925199433]],PROJECTION['Lambert_Conformal_Conic'],PARAMETER['False_Easting',6561666.666666666],PARAMETER['False_Northing',1640416.666666667],PARAMETER['Central_Meridian',-122.0],PARAMETER['Standard_Parallel_1',40.0],PARAMETER['Standard_Parallel_2',41.66666666666666],PARAMETER['Latitude_Of_Origin',39.33333333333334],UNIT['Foot_US',0.3048006096012192]]</Process><Process Name="Merge_6" ToolSource="C:\Program Files\ArcGIS\ArcToolbox\Toolboxes\Data Management Tools.tbx\Merge" Date="20070329" Time="104343">Merge D:\SacramentoRiver\XS_Arc_CAD_RAS\DWR_Polyline_UTM10NforMERGE.shp;D:\SacramentoRiver\XS_Arc_CAD_RAS\USACE_CompStudy_X_Sections_NAD83_UTM10forMERGE.shp D:\SacramentoRiver\XS_Arc_CAD_RAS\DWR_Polyline_UTM10NforMERGE_1.shp "FID_ FID_ true false false 9 Long 0 9 ,First,#,D:\SacramentoRiver\XS_Arc_CAD_RAS\DWR_Polyline_UTM10NforMERGE.shp,FID_,-1,-1,D:\SacramentoRiver\XS_Arc_CAD_RAS\USACE_CompStudy_X_Sections_NAD83_UTM10forMERGE.shp,FID_,-1,-1;Entity Entity true false false 16 Text 0 0 ,First,#,D:\SacramentoRiver\XS_Arc_CAD_RAS\DWR_Polyline_UTM10NforMERGE.shp,Entity,-1,-1,D:\SacramentoRiver\XS_Arc_CAD_RAS\USACE_CompStudy_X_Sections_NAD83_UTM10forMERGE.shp,Entity,-1,-1;Handle Handle true false false 16 Text 0 0 ,First,#,D:\SacramentoRiver\XS_Arc_CAD_RAS\DWR_Polyline_UTM10NforMERGE.shp,Handle,-1,-1;Layer Layer true false false 254 Text 0 0 ,First,#,D:\SacramentoRiver\XS_Arc_CAD_RAS\DWR_Polyline_UTM10NforMERGE.shp,Layer,-1,-1,D:\SacramentoRiver\XS_Arc_CAD_RAS\USACE_CompStudy_X_Sections_NAD83_UTM10forMERGE.shp,Layer,-1,-1;LyrFrzn LyrFrzn true false false 4 Short 0 4 ,First,#,D:\SacramentoRiver\XS_Arc_CAD_RAS\DWR_Polyline_UTM10NforMERGE.shp,LyrFrzn,-1,-1;LyrLock LyrLock true false false 4 Short 0 4 ,First,#,D:\SacramentoRiver\XS_Arc_CAD_RAS\DWR_Polyline_UTM10NforMERGE.shp,LyrLock,-1,-1;LyrOn LyrOn true false false 4 Short 0 4 ,First,#,D:\SacramentoRiver\XS_Arc_CAD_RAS\DWR_Polyline_UTM10NforMERGE.shp,LyrOn,-1,-1;LyrVPFrzn LyrVPFrzn true false false 4 Short 0 4 ,First,#,D:\SacramentoRiver\XS_Arc_CAD_RAS\DWR_Polyline_UTM10NforMERGE.shp,LyrVPFrzn,-1,-1;LyrHandle LyrHandle true false false 16 Text 0 0 ,First,#,D:\SacramentoRiver\XS_Arc_CAD_RAS\DWR_Polyline_UTM10NforMERGE.shp,LyrHandle,-1,-1;Color Color true false false 4 Short 0 4 ,First,#,D:\SacramentoRiver\XS_Arc_CAD_RAS\DWR_Polyline_UTM10NforMERGE.shp,Color,-1,-1,D:\SacramentoRiver\XS_Arc_CAD_RAS\USACE_CompStudy_X_Sections_NAD83_UTM10forMERGE.shp,Color,-1,-1;EntColor EntColor true false false 4 Short 0 4 ,First,#,D:\SacramentoRiver\XS_Arc_CAD_RAS\DWR_Polyline_UTM10NforMERGE.shp,EntColor,-1,-1;LyrColor LyrColor true false false 4 Short 0 4 ,First,#,D:\SacramentoRiver\XS_Arc_CAD_RAS\DWR_Polyline_UTM10NforMERGE.shp,LyrColor,-1,-1;BlkColor BlkColor true false false 4 Short 0 4 ,First,#,D:\SacramentoRiver\XS_Arc_CAD_RAS\DWR_Polyline_UTM10NforMERGE.shp,BlkColor,-1,-1;Linetype Linetype true false false 254 Text 0 0 ,First,#,D:\SacramentoRiver\XS_Arc_CAD_RAS\DWR_Polyline_UTM10NforMERGE.shp,Linetype,-1,-1,D:\SacramentoRiver\XS_Arc_CAD_RAS\USACE_CompStudy_X_Sections_NAD83_UTM10forMERGE.shp,Linetype,-1,-1;EntLinetyp EntLinetyp true false false 254 Text 0 0 ,First,#,D:\SacramentoRiver\XS_Arc_CAD_RAS\DWR_Polyline_UTM10NforMERGE.shp,EntLinetyp,-1,-1;LyrLnType LyrLnType true false false 254 Text 0 0 ,First,#,D:\SacramentoRiver\XS_Arc_CAD_RAS\DWR_Polyline_UTM10NforMERGE.shp,LyrLnType,-1,-1;BlkLinetyp BlkLinetyp true false false 254 Text 0 0 ,First,#,D:\SacramentoRiver\XS_Arc_CAD_RAS\DWR_Polyline_UTM10NforMERGE.shp,BlkLinetyp,-1,-1;Elevation Elevation true false false 19 Double 0 0 ,First,#,D:\SacramentoRiver\XS_Arc_CAD_RAS\DWR_Polyline_UTM10NforMERGE.shp,Elevation,-1,-1;Thickness Thickness true false false 19 Double 0 0 ,First,#,D:\SacramentoRiver\XS_Arc_CAD_RAS\DWR_Polyline_UTM10NforMERGE.shp,Thickness,-1,-1;LineWt LineWt true false false 4 Short 0 4 ,First,#,D:\SacramentoRiver\XS_Arc_CAD_RAS\DWR_Polyline_UTM10NforMERGE.shp,LineWt,-1,-1;EntLineWt EntLineWt true false false 4 Short 0 4 ,First,#,D:\SacramentoRiver\XS_Arc_CAD_RAS\DWR_Polyline_UTM10NforMERGE.shp,EntLineWt,-1,-1;LyrLineWt LyrLineWt true false false 4 Short 0 4 ,First,#,D:\SacramentoRiver\XS_Arc_CAD_RAS\DWR_Polyline_UTM10NforMERGE.shp,LyrLineWt,-1,-1;BlkLineWt BlkLineWt true false false 4 Short 0 4 ,First,#,D:\SacramentoRiver\XS_Arc_CAD_RAS\DWR_Polyline_UTM10NforMERGE.shp,BlkLineWt,-1,-1;RefName RefName true false false 254 Text 0 0 ,First,#,D:\SacramentoRiver\XS_Arc_CAD_RAS\DWR_Polyline_UTM10NforMERGE.shp,RefName,-1,-1;LTScale LTScale true false false 19 Double 0 0 ,First,#,D:\SacramentoRiver\XS_Arc_CAD_RAS\DWR_Polyline_UTM10NforMERGE.shp,LTScale,-1,-1;ExtX ExtX true false false 19 Double 0 0 ,First,#,D:\SacramentoRiver\XS_Arc_CAD_RAS\DWR_Polyline_UTM10NforMERGE.shp,ExtX,-1,-1;ExtY ExtY true false false 19 Double 0 0 ,First,#,D:\SacramentoRiver\XS_Arc_CAD_RAS\DWR_Polyline_UTM10NforMERGE.shp,ExtY,-1,-1;ExtZ ExtZ true false false 19 Double 0 0 ,First,#,D:\SacramentoRiver\XS_Arc_CAD_RAS\DWR_Polyline_UTM10NforMERGE.shp,ExtZ,-1,-1;DocName DocName true false false 254 Text 0 0 ,First,#,D:\SacramentoRiver\XS_Arc_CAD_RAS\DWR_Polyline_UTM10NforMERGE.shp,DocName,-1,-1;DocPath DocPath true false false 254 Text 0 0 ,First,#,D:\SacramentoRiver\XS_Arc_CAD_RAS\DWR_Polyline_UTM10NforMERGE.shp,DocPath,-1,-1;DocType DocType true false false 32 Text 0 0 ,First,#,D:\SacramentoRiver\XS_Arc_CAD_RAS\DWR_Polyline_UTM10NforMERGE.shp,DocType,-1,-1;DocVer DocVer true false false 16 Text 0 0 ,First,#,D:\SacramentoRiver\XS_Arc_CAD_RAS\DWR_Polyline_UTM10NforMERGE.shp,DocVer,-1,-1;ID ID true false false 9 Long 0 9 ,First,#,D:\SacramentoRiver\XS_Arc_CAD_RAS\DWR_Polyline_UTM10NforMERGE.shp,ID,-1,-1;0_0000 0_0000 true false false 9 Long 0 9 ,First,#,D:\SacramentoRiver\XS_Arc_CAD_RAS\DWR_Polyline_UTM10NforMERGE.shp,0_0000,-1,-1;ID_drv ID_drv true false false 4 Short 0 4 ,First,#,D:\SacramentoRiver\XS_Arc_CAD_RAS\DWR_Polyline_UTM10NforMERGE.shp,ID_drv,-1,-1;RiverMile RiverMile true false false 13 Float 0 0 ,First,#,D:\SacramentoRiver\XS_Arc_CAD_RAS\DWR_Polyline_UTM10NforMERGE.shp,RiverMile,-1,-1;Source Source true false false 50 Text 0 0 ,Join,#,D:\SacramentoRiver\XS_Arc_CAD_RAS\DWR_Polyline_UTM10NforMERGE.shp,Source,-1,-1,D:\SacramentoRiver\XS_Arc_CAD_RAS\USACE_CompStudy_X_Sections_NAD83_UTM10forMERGE.shp,Source,-1,-1;Level Level true false false 9 Long 0 9 ,First,#,D:\SacramentoRiver\XS_Arc_CAD_RAS\USACE_CompStudy_X_Sections_NAD83_UTM10forMERGE.shp,Level,-1,-1;Text Text true false false 254 Text 0 0 ,First,#,D:\SacramentoRiver\XS_Arc_CAD_RAS\USACE_CompStudy_X_Sections_NAD83_UTM10forMERGE.shp,Text,-1,-1;preference preference true false false 9 Long 0 9 ,First,#,D:\SacramentoRiver\XS_Arc_CAD_RAS\USACE_CompStudy_X_Sections_NAD83_UTM10forMERGE.shp,preference,-1,-1;group group true false false 9 Long 0 9 ,First,#,D:\SacramentoRiver\XS_Arc_CAD_RAS\USACE_CompStudy_X_Sections_NAD83_UTM10forMERGE.shp,group,-1,-1;type type true false false 7 Text 0 0 ,First,#,D:\SacramentoRiver\XS_Arc_CAD_RAS\USACE_CompStudy_X_Sections_NAD83_UTM10forMERGE.shp,type,-1,-1;name name true false false 11 Text 0 0 ,First,#,D:\SacramentoRiver\XS_Arc_CAD_RAS\USACE_CompStudy_X_Sections_NAD83_UTM10forMERGE.shp,name,-1,-1;descriptio descriptio true false false 27 Text 0 0 ,First,#,D:\SacramentoRiver\XS_Arc_CAD_RAS\USACE_CompStudy_X_Sections_NAD83_UTM10forMERGE.shp,descriptio,-1,-1;Length_m Length_m true false false 13 Float 0 0 ,First,#,D:\SacramentoRiver\XS_Arc_CAD_RAS\USACE_CompStudy_X_Sections_NAD83_UTM10forMERGE.shp,Length_m,-1,-1;Length_ft Length_ft true false false 13 Float 0 0 ,First,#,D:\SacramentoRiver\XS_Arc_CAD_RAS\USACE_CompStudy_X_Sections_NAD83_UTM10forMERGE.shp,Length_ft,-1,-1"</Process><Process Name="Clip_8" ToolSource="C:\Program Files\ArcGIS\ArcToolbox\Toolboxes\Analysis Tools.tbx\Clip" Date="20070329" Time="133901">Clip D:\SacramentoRiver\XS_Arc_CAD_RAS\All_XS_merged.shp "D:\SacramentoRiver\Maps\GISData\project features\ProjectReach_Buffer.shp" D:\SacramentoRiver\XS_Arc_CAD_RAS\All_XS_merged_Clip1.shp #</Process><Process Name="SimplifyLine_2" ToolSource="C:\Program Files\ArcGIS\ArcToolbox\Toolboxes\Data Management Tools.tbx\SimplifyLine" Date="20070330" Time="163619">SimplifyLine D:\SacramentoRiver\XS_Arc_CAD_RAS\HEC_XS_Master3-30-07_old.shp D:\SacramentoRiver\XS_Arc_CAD_RAS\HEC_XS_Master.shp POINT_REMOVE "5 Meters" FLAG_ERRORS NO_KEEP NO_CHECK D:\SacramentoRiver\XS_Arc_CAD_RAS\HEC_XS_Master_Pnt.shp</Process><Process ToolSource="c:\program files (x86)\arcgis\desktop10.6\ArcToolbox\Toolboxes\Analysis Tools.tbx\Clip" Date="20190808" Time="154609">Clip HEC-RAS\HEC_XS_4-02-07 Mesh\MeshOutline E:\Projects\SacramentoRiver\GravelBudget\data\HEC-RAS\HEC_XS_4_02_07_Clipped.shp #</Process><Process ToolSource="c:\program files\arcgis\pro\Resources\ArcToolbox\toolboxes\Data Management Tools.tbx\CopyFeatures" Date="20190926" Time="142231">CopyFeatures E:/Projects/SacramentoRiver/GravelBudget/data/HEC-RAS/HEC_XS_4_02_07_Clipped.shp E:\Projects\SacramentoRiver\GravelBudget\data\ModelResults\Round2_5-6-19_Elevations\TransportCapacity\CrossSectionFluxes\XS_SedFlux_2000cms_PARKER_0_04.shp # 0 0 0</Process><Process ToolSource="c:\program files\arcgis\pro\Resources\ArcToolbox\toolboxes\Data Management Tools.tbx\AddField" Date="20190926" Time="142231">AddField E:/Projects/SacramentoRiver/GravelBudget/data/ModelResults/Round2_5-6-19_Elevations/TransportCapacity/CrossSectionFluxes/XS_SedFlux_2000cms_PARKER_0_04.shp TotalQ "Double (double precision)" # # # # NULLABLE NON_REQUIRED #</Process><Process ToolSource="c:\program files\arcgis\pro\Resources\ArcToolbox\toolboxes\Data Management Tools.tbx\AddField" Date="20190926" Time="142231">AddField E:/Projects/SacramentoRiver/GravelBudget/data/ModelResults/Round2_5-6-19_Elevations/TransportCapacity/CrossSectionFluxes/XS_SedFlux_2000cms_PARKER_0_04.shp Q_GC_1 "Double (double precision)" # # # # NULLABLE NON_REQUIRED #</Process><Process ToolSource="c:\program files\arcgis\pro\Resources\ArcToolbox\toolboxes\Data Management Tools.tbx\AddField" Date="20190926" Time="142232">AddField E:/Projects/SacramentoRiver/GravelBudget/data/ModelResults/Round2_5-6-19_Elevations/TransportCapacity/CrossSectionFluxes/XS_SedFlux_2000cms_PARKER_0_04.shp Q_GC_2 "Double (double precision)" # # # # NULLABLE NON_REQUIRED #</Process><Process ToolSource="c:\program files\arcgis\pro\Resources\ArcToolbox\toolboxes\Data Management Tools.tbx\AddField" Date="20190926" Time="142232">AddField E:/Projects/SacramentoRiver/GravelBudget/data/ModelResults/Round2_5-6-19_Elevations/TransportCapacity/CrossSectionFluxes/XS_SedFlux_2000cms_PARKER_0_04.shp Q_GC_3 "Double (double precision)" # # # # NULLABLE NON_REQUIRED #</Process><Process ToolSource="c:\program files\arcgis\pro\Resources\ArcToolbox\toolboxes\Data Management Tools.tbx\AddField" Date="20190926" Time="142232">AddField E:/Projects/SacramentoRiver/GravelBudget/data/ModelResults/Round2_5-6-19_Elevations/TransportCapacity/CrossSectionFluxes/XS_SedFlux_2000cms_PARKER_0_04.shp Q_GC_4 "Double (double precision)" # # # # NULLABLE NON_REQUIRED #</Process><Process ToolSource="c:\program files\arcgis\pro\Resources\ArcToolbox\toolboxes\Data Management Tools.tbx\AddField" Date="20190926" Time="142232">AddField E:/Projects/SacramentoRiver/GravelBudget/data/ModelResults/Round2_5-6-19_Elevations/TransportCapacity/CrossSectionFluxes/XS_SedFlux_2000cms_PARKER_0_04.shp Q_GC_5 "Double (double precision)" # # # # NULLABLE NON_REQUIRED #</Process><Process ToolSource="c:\program files\arcgis\pro\Resources\ArcToolbox\toolboxes\Data Management Tools.tbx\AddField" Date="20190926" Time="142232">AddField E:/Projects/SacramentoRiver/GravelBudget/data/ModelResults/Round2_5-6-19_Elevations/TransportCapacity/CrossSectionFluxes/XS_SedFlux_2000cms_PARKER_0_04.shp Q_GC_6 "Double (double precision)" # # # # NULLABLE NON_REQUIRED #</Process></lineage><itemProps><itemName Sync="TRUE">XS_SedFlux_2000cms_PARKER_0_04</itemName><imsContentType Sync="TRUE">002</imsContentType><itemSize Sync="TRUE">0.000</itemSize><itemLocation><linkage Sync="TRUE">file://\\IBR8DNBRADLED01\E$\Projects\SacramentoRiver\GravelBudget\data\ModelResults\Round2_5-6-19_Elevations\TransportCapacity\CrossSectionFluxes\XS_SedFlux_2000cms_PARKER_0_04.shp</linkage><protocol Sync="TRUE">Local Area Network</protocol></itemLocation></itemProps><coordRef><type Sync="TRUE">Projected</type><geogcsn Sync="TRUE">GCS_North_American_1983</geogcsn><csUnits Sync="TRUE">Linear Unit: Meter (1.000000)</csUnits><projcsn Sync="TRUE">NAD_1983_UTM_Zone_10N</projcsn><peXml Sync="TRUE">&lt;ProjectedCoordinateSystem xsi:type='typens:ProjectedCoordinateSystem' xmlns:xsi='http://www.w3.org/2001/XMLSchema-instance' xmlns:xs='http://www.w3.org/2001/XMLSchema' xmlns:typens='http://www.esri.com/schemas/ArcGIS/2.4.0'&gt;&lt;WKT&gt;PROJCS[&amp;quot;NAD_1983_UTM_Zone_10N&amp;quot;,GEOGCS[&amp;quot;GCS_North_American_1983&amp;quot;,DATUM[&amp;quot;D_North_American_1983&amp;quot;,SPHEROID[&amp;quot;GRS_1980&amp;quot;,6378137.0,298.257222101]],PRIMEM[&amp;quot;Greenwich&amp;quot;,0.0],UNIT[&amp;quot;Degree&amp;quot;,0.0174532925199433]],PROJECTION[&amp;quot;Transverse_Mercator&amp;quot;],PARAMETER[&amp;quot;False_Easting&amp;quot;,500000.0],PARAMETER[&amp;quot;False_Northing&amp;quot;,0.0],PARAMETER[&amp;quot;Central_Meridian&amp;quot;,-123.0],PARAMETER[&amp;quot;Scale_Factor&amp;quot;,0.9996],PARAMETER[&amp;quot;Latitude_Of_Origin&amp;quot;,0.0],UNIT[&amp;quot;Meter&amp;quot;,1.0],AUTHORITY[&amp;quot;EPSG&amp;quot;,26910]]&lt;/WKT&gt;&lt;XOrigin&gt;-5120900&lt;/XOrigin&gt;&lt;YOrigin&gt;-9998100&lt;/YOrigin&gt;&lt;XYScale&gt;450445547.3910538&lt;/XYScale&gt;&lt;ZOrigin&gt;-100000&lt;/ZOrigin&gt;&lt;ZScale&gt;10000&lt;/ZScale&gt;&lt;MOrigin&gt;-100000&lt;/MOrigin&gt;&lt;MScale&gt;10000&lt;/MScale&gt;&lt;XYTolerance&gt;0.001&lt;/XYTolerance&gt;&lt;ZTolerance&gt;0.001&lt;/ZTolerance&gt;&lt;MTolerance&gt;0.001&lt;/MTolerance&gt;&lt;HighPrecision&gt;true&lt;/HighPrecision&gt;&lt;WKID&gt;26910&lt;/WKID&gt;&lt;LatestWKID&gt;26910&lt;/LatestWKID&gt;&lt;/ProjectedCoordinateSystem&gt;</peXml></coordRef></DataProperties><SyncDate>20190926</SyncDate><SyncTime>14223100</SyncTime><ModDate>20190926</ModDate><ModTime>14223100</ModTime><MetaID>{A49F94F4-5A59-4DA4-B394-D376A092F4AB}</MetaID></Esri><idinfo><citation><citeinfo><onlink Sync="TRUE">\\IBR8DVARYUW01\D$\SacramentoRiver\XS_Arc_CAD_RAS\HEC_XSCopy</onlink><origin>REQUIRED: The name of an organization or individual that developed the data set.</origin><pubdate>REQUIRED: The date when the data set is published or otherwise made available for release.</pubdate><title Sync="TRUE">HEC_XS_Master</title><ftname Sync="TRUE">HEC_XS_Master</ftname><geoform Sync="TRUE">vector digital data</geoform></citeinfo></citation><native Sync="TRUE">Microsoft Windows XP Version 5.1 (Build 2600) Service Pack 2; ESRI ArcCatalog 9.2.0.1324</native><descript><langdata Sync="TRUE">en</langdata><abstract>REQUIRED: A brief narrative summary of the data set.</abstract><purpose>REQUIRED: A summary of the intentions with which the data set was developed.</purpose></descript><timeperd><current>REQUIRED: The basis on which the time period of content information is determined.</current><timeinfo><sngdate><caldate>REQUIRED: The year (and optionally month, or month and day) for which the data set corresponds to the ground.</caldate></sngdate></timeinfo></timeperd><status><progress>REQUIRED: The state of the data set.</progress><update>REQUIRED: The frequency with which changes and additions are made to the data set after the initial data set is completed.</update></status><spdom><bounding><westbc Sync="TRUE">-122.249234</westbc><eastbc Sync="TRUE">-121.881998</eastbc><northbc Sync="TRUE">40.215321</northbc><southbc Sync="TRUE">39.167972</southbc></bounding><lboundng><leftbc Sync="TRUE">564853.971463</leftbc><rightbc Sync="TRUE">595136.933166</rightbc><bottombc Sync="TRUE">4335994.376365</bottombc><topbc Sync="TRUE">4451934.734166</topbc></lboundng><minalti Sync="TRUE">-810.913000</minalti><maxalti Sync="TRUE">153363.508000</maxalti></spdom><keywords><theme><themekt>REQUIRED: Reference to a formally registered thesaurus or a similar authoritative source of theme keywords.</themekt><themekey>REQUIRED: Common-use word or phrase used to describe the subject of the data set.</themekey></theme></keywords><accconst>REQUIRED: Restrictions and legal prerequisites for accessing the data set.</accconst><useconst>REQUIRED: Restrictions and legal prerequisites for using the data set after access is granted.</useconst><natvform Sync="TRUE">Shapefile</natvform></idinfo><distInfo><distributor><distorTran><onLineSrc><linkage Sync="TRUE">file://\\IBR8DVARYUW01\D$\SacramentoRiver\XS_Arc_CAD_RAS\HEC_XSCopy</linkage><protocol Sync="TRUE">Local Area Network</protocol><orDesc Sync="TRUE">002</orDesc></onLineSrc><transSize Sync="TRUE">0.000</transSize></distorTran><distorFormat><formatName Sync="TRUE">Shapefile</formatName></distorFormat></distributor><distFormat><formatName Sync="TRUE">Shapefile</formatName></distFormat><distTranOps><transSize Sync="TRUE">0.000</transSize></distTranOps></distInfo><dataqual><lineage><procstep><procdesc Sync="TRUE">Dataset copied.</procdesc><srcused Sync="TRUE">\\Ibr8bgreimand01\transfer\sacfinalBOSS18.dwg</srcused><date Sync="TRUE">20070316</date><time Sync="TRUE">12000500</time></procstep><procstep><procdesc Sync="TRUE">Dataset copied.</procdesc><srcused Sync="TRUE">D:\SacramentoRiver\XS_Arc_CAD_RAS\sacfinalBossBAK\sacfinalBOSS18.dwg</srcused><date Sync="TRUE">20070316</date><time Sync="TRUE">12001000</time></procstep><procstep><procdesc Sync="TRUE">Dataset copied.</procdesc><srcused Sync="TRUE"></srcused><date Sync="TRUE">20070316</date><time Sync="TRUE">14264800</time></procstep><procstep><procdesc Sync="TRUE">Dataset copied.</procdesc><srcused Sync="TRUE">D:\SacramentoRiver\XS_Arc_CAD_RAS\Polyline_UTM10N</srcused><date Sync="TRUE">20070316</date><time Sync="TRUE">14351600</time></procstep><procstep><procdesc Sync="TRUE">Dataset copied.</procdesc><srcused Sync="TRUE">D:\SacramentoRiver\XS_Arc_CAD_RAS\sacfinalBossBAK\Polyline_UTM10N</srcused><date Sync="TRUE">20070316</date><time Sync="TRUE">15483000</time></procstep><procstep><procdesc Sync="TRUE">Dataset copied.</procdesc><srcused Sync="TRUE">D:\SacramentoRiver\XS_Arc_CAD_RAS\DWR_Polyline_UTM10N</srcused><date Sync="TRUE">20070329</date><time Sync="TRUE">08540800</time></procstep><procstep><procdesc Sync="TRUE">Dataset copied.</procdesc><srcused Sync="TRUE">D:\SacramentoRiver\XS_Arc_CAD_RAS\Edited_XS</srcused><date Sync="TRUE">20070329</date><time Sync="TRUE">16090500</time></procstep><procstep><procdesc Sync="TRUE">Dataset copied.</procdesc><srcused Sync="TRUE">D:\SacramentoRiver\XS_Arc_CAD_RAS\Edited_XS_pared</srcused><date Sync="TRUE">20070330</date><time Sync="TRUE">09441200</time></procstep><procstep><procdesc Sync="TRUE">Dataset copied.</procdesc><srcused Sync="TRUE">D:\SacramentoRiver\XS_Arc_CAD_RAS\HEC_XS</srcused><date Sync="TRUE">20070330</date><time Sync="TRUE">15563400</time></procstep><procstep><procdesc Sync="TRUE">Dataset copied.</procdesc><srcused Sync="TRUE">D:\SacramentoRiver\XS_Arc_CAD_RAS\HEC_XS_Master</srcused><date Sync="TRUE">20070330</date><time Sync="TRUE">16383800</time></procstep><procstep><procdesc Sync="TRUE">Dataset copied.</procdesc><srcused Sync="TRUE">D:\SacramentoRiver\XS_Arc_CAD_RAS\HEC_XS</srcused><date Sync="TRUE">20070402</date><time Sync="TRUE">16360300</time></procstep></lineage></dataqual><dataIdInfo><envirDesc Sync="TRUE">Microsoft Windows 10 Version 10.0 (Build 17763) ; Esri ArcGIS 12.4.0.19948</envirDesc><dataLang><languageCode Sync="TRUE" value="eng"></languageCode><countryCode value="USA" Sync="TRUE"></countryCode></dataLang><idCitation><resTitle Sync="TRUE">XS_SedFlux_2000cms_PARKER_0_04</resTitle><presForm><PresFormCd Sync="TRUE" value="005"></PresFormCd></presForm></idCitation><spatRpType><SpatRepTypCd Sync="TRUE" value="001"></SpatRepTypCd></spatRpType><dataExt><geoEle><GeoBndBox esriExtentType="native"><westBL Sync="TRUE">564853.971463</westBL><eastBL Sync="TRUE">595136.933166</eastBL><northBL Sync="TRUE">4451934.734166</northBL><southBL Sync="TRUE">4335994.376365</southBL><exTypeCode Sync="TRUE">1</exTypeCode></GeoBndBox></geoEle><vertEle><vertMinVal Sync="TRUE">-810.913</vertMinVal><vertMaxVal Sync="TRUE">153363.508</vertMaxVal></vertEle></dataExt><geoBox esriExtentType="decdegrees"><westBL Sync="TRUE">-122.249234</westBL><eastBL Sync="TRUE">-121.881998</eastBL><northBL Sync="TRUE">40.215321</northBL><southBL Sync="TRUE">39.167972</southBL><exTypeCode Sync="TRUE">1</exTypeCode></geoBox></dataIdInfo><metainfo><langmeta Sync="TRUE">en</langmeta><metstdn Sync="TRUE">FGDC Content Standards for Digital Geospatial Metadata</metstdn><metstdv Sync="TRUE">FGDC-STD-001-1998</metstdv><mettc Sync="TRUE">local time</mettc><metc><cntinfo><cntorgp><cntper>REQUIRED: The person responsible for the metadata information.</cntper><cntorg>REQUIRED: The organization responsible for the metadata information.</cntorg></cntorgp><cntaddr><addrtype>REQUIRED: The mailing and/or physical address for the organization or individual.</addrtype><city>REQUIRED: The city of the address.</city><state>REQUIRED: The state or province of the address.</state><postal>REQUIRED: The ZIP or other postal code of the address.</postal></cntaddr><cntvoice>REQUIRED: The telephone number by which individuals can speak to the organization or individual.</cntvoice></cntinfo></metc><metd Sync="TRUE">20070330</metd></metainfo><mdLang><languageCode Sync="TRUE" value="eng"></languageCode><countryCode value="USA" Sync="TRUE"></countryCode></mdLang><mdStanName Sync="TRUE">ISO 19115 Geographic Information - Metadata</mdStanName><mdStanVer Sync="TRUE">DIS_ESRI1.0</mdStanVer><mdChar><CharSetCd Sync="TRUE" value="004"></CharSetCd></mdChar><mdHrLv><ScopeCd Sync="TRUE" value="005"></ScopeCd></mdHrLv><mdHrLvName Sync="TRUE">dataset</mdHrLvName><distinfo><resdesc Sync="TRUE">Downloadable Data</resdesc><stdorder><digform><digtinfo><transize Sync="TRUE">0.000</transize><dssize Sync="TRUE">0.000</dssize></digtinfo></digform></stdorder></distinfo><spdoinfo><direct Sync="TRUE">Vector</direct><ptvctinf><esriterm Name="XS_SedFlux_2000cms_PARKER_0_04"><efeatyp Sync="TRUE">Simple</efeatyp><efeageom code="3" Sync="TRUE"></efeageom><esritopo Sync="TRUE">FALSE</esritopo><efeacnt Sync="TRUE">0</efeacnt><spindex Sync="TRUE">FALSE</spindex><linrefer Sync="TRUE">TRUE</linrefer></esriterm></ptvctinf></spdoinfo><spref><horizsys><cordsysn><geogcsn Sync="TRUE">GCS_North_American_1983</geogcsn><projcsn Sync="TRUE">NAD_1983_UTM_Zone_10N</projcsn></cordsysn><planar><planci><plance Sync="TRUE">coordinate pair</plance><plandu Sync="TRUE">meters</plandu><coordrep><absres Sync="TRUE">0.000000</absres><ordres Sync="TRUE">0.000000</ordres></coordrep></planci></planar><geodetic><horizdn Sync="TRUE">North American Datum of 1983</horizdn><ellips Sync="TRUE">Geodetic Reference System 80</ellips><semiaxis Sync="TRUE">6378137.000000</semiaxis><denflat Sync="TRUE">298.257222</denflat></geodetic></horizsys><vertdef><altsys><altenc Sync="TRUE">Explicit elevation coordinate included with horizontal coordinates</altenc><altres Sync="TRUE">0.000100</altres></altsys></vertdef></spref><refSysInfo><RefSystem><refSysID><identCode Sync="TRUE" code="26910">NAD_1983_UTM_Zone_10N</identCode><idCodeSpace Sync="TRUE">EPSG</idCodeSpace><idVersion Sync="TRUE">7.8.2(3.0.1)</idVersion></refSysID></RefSystem></refSysInfo><spatRepInfo><VectSpatRep><geometObjs Name="XS_SedFlux_2000cms_PARKER_0_04"><geoObjTyp><GeoObjTypCd value="002" Sync="TRUE"></GeoObjTypCd></geoObjTyp><geoObjCnt Sync="TRUE">0</geoObjCnt></geometObjs><topLvl><TopoLevCd value="001" Sync="TRUE"></TopoLevCd></topLvl></VectSpatRep></spatRepInfo><eainfo><detailed Name="XS_SedFlux_2000cms_PARKER_0_04"><enttyp><enttypl Sync="TRUE">XS_SedFlux_2000cms_PARKER_0_04</enttypl><enttypt Sync="TRUE">Feature Class</enttypt><enttypc Sync="TRUE">0</enttypc></enttyp><attr><attrlabl Sync="TRUE">FID</attrlabl><attalias Sync="TRUE">FID</attalias><attrtype Sync="TRUE">OID</attrtype><attwidth Sync="TRUE">4</attwidth><atprecis Sync="TRUE">0</atprecis><attscale Sync="TRUE">0</attscale><attrdef Sync="TRUE">Internal feature number.</attrdef><attrdefs Sync="TRUE">ESRI</attrdefs><attrdomv><udom Sync="TRUE">Sequential unique whole numbers that are automatically generated.</udom></attrdomv></attr><attr><attrlabl Sync="TRUE">Shape</attrlabl><attalias Sync="TRUE">Shape</attalias><attrtype Sync="TRUE">Geometry</attrtype><attwidth Sync="TRUE">0</attwidth><atprecis Sync="TRUE">0</atprecis><attscale Sync="TRUE">0</attscale><attrdef Sync="TRUE">Feature geometry.</attrdef><attrdefs Sync="TRUE">ESRI</attrdefs><attrdomv><udom Sync="TRUE">Coordinates defining the features.</udom></attrdomv></attr><attr><attrlabl Sync="TRUE">RiverMile</attrlabl><attalias Sync="TRUE">RiverMile</attalias><attrtype Sync="TRUE">Single</attrtype><attwidth Sync="TRUE">13</attwidth><atprecis Sync="TRUE">0</atprecis><attscale Sync="TRUE">0</attscale></attr><attr><attrlabl Sync="TRUE">Source</attrlabl><attalias Sync="TRUE">Source</attalias><attrtype Sync="TRUE">String</attrtype><attwidth Sync="TRUE">50</attwidth><atprecis Sync="TRUE">0</atprecis><attscale Sync="TRUE">0</attscale></attr><attr><attrlabl Sync="TRUE">name</attrlabl><attalias Sync="TRUE">name</attalias><attrtype Sync="TRUE">String</attrtype><attwidth Sync="TRUE">11</attwidth><atprecis Sync="TRUE">0</atprecis><attscale Sync="TRUE">0</attscale></attr><attr><attrlabl Sync="TRUE">descriptio</attrlabl><attalias Sync="TRUE">descriptio</attalias><attrtype Sync="TRUE">String</attrtype><attwidth Sync="TRUE">27</attwidth><atprecis Sync="TRUE">0</atprecis><attscale Sync="TRUE">0</attscale></attr><attr><attrlabl Sync="TRUE">Length_m</attrlabl><attalias Sync="TRUE">Length_m</attalias><attrtype Sync="TRUE">Single</attrtype><attwidth Sync="TRUE">13</attwidth><atprecis Sync="TRUE">0</atprecis><attscale Sync="TRUE">0</attscale></attr><attr><attrlabl Sync="TRUE">Length_ft</attrlabl><attalias Sync="TRUE">Length_ft</attalias><attrtype Sync="TRUE">Single</attrtype><attwidth Sync="TRUE">13</attwidth><atprecis Sync="TRUE">0</atprecis><attscale Sync="TRUE">0</attscale></attr><attr><attrlabl Sync="TRUE">River_Mile</attrlabl><attalias Sync="TRUE">River_Mile</attalias><attrtype Sync="TRUE">String</attrtype><attwidth Sync="TRUE">25</attwidth><atprecis Sync="TRUE">0</atprecis><attscale Sync="TRUE">0</attscale></attr><attr><attrlabl Sync="TRUE">RM_value</attrlabl><attalias Sync="TRUE">RM_value</attalias><attrtype Sync="TRUE">Single</attrtype><attwidth Sync="TRUE">13</attwidth><atprecis Sync="TRUE">0</atprecis><attscale Sync="TRUE">0</attscale></attr></detailed></eainfo><mdDateSt Sync="TRUE">20190926</mdDateSt></metadata>
